plz,DES,NAME,EWZ,EW_M,EW_W,EW_Deutsch,EW_Auslaender,EW_U18,EW_18_29,EW_30_49,EW_50_64,EW_65p
1662,Landkreis,Meißen,247054,121154,125900,244218,2836,34156,29012,66537,54663,62686
2625,Landkreis,Bautzen,315174,155497,159677,312232,2942,43284,37613,84054,71444,78779
2826,Landkreis,Görlitz,269647,131493,138154,265390,4257,35521,31249,67709,62461,72707
2827,Landkreis,Görlitz,269647,131493,138154,265390,4257,35521,31249,67709,62461,72707
2828,Landkreis,Görlitz,269647,131493,138154,265390,4257,35521,31249,67709,62461,72707
4103,Landkreis,Leipzig,262214,128287,133927,259852,2362,35622,30385,72709,60244,63254
4105,Landkreis,Leipzig,262214,128287,133927,259852,2362,35622,30385,72709,60244,63254
4107,Landkreis,Leipzig,262214,128287,133927,259852,2362,35622,30385,72709,60244,63254
4109,Landkreis,Leipzig,262214,128287,133927,259852,2362,35622,30385,72709,60244,63254
4129,Landkreis,Leipzig,262214,128287,133927,259852,2362,35622,30385,72709,60244,63254
4155,Landkreis,Leipzig,262214,128287,133927,259852,2362,35622,30385,72709,60244,63254
4157,Landkreis,Leipzig,262214,128287,133927,259852,2362,35622,30385,72709,60244,63254
4158,Landkreis,Leipzig,262214,128287,133927,259852,2362,35622,30385,72709,60244,63254
4159,Landkreis,Leipzig,262214,128287,133927,259852,2362,35622,30385,72709,60244,63254
4177,Landkreis,Leipzig,262214,128287,133927,259852,2362,35622,30385,72709,60244,63254
4178,Landkreis,Leipzig,262214,128287,133927,259852,2362,35622,30385,72709,60244,63254
4179,Landkreis,Leipzig,262214,128287,133927,259852,2362,35622,30385,72709,60244,63254
4205,Landkreis,Leipzig,262214,128287,133927,259852,2362,35622,30385,72709,60244,63254
4207,Landkreis,Leipzig,262214,128287,133927,259852,2362,35622,30385,72709,60244,63254
4209,Landkreis,Leipzig,262214,128287,133927,259852,2362,35622,30385,72709,60244,63254
4229,Landkreis,Leipzig,262214,128287,133927,259852,2362,35622,30385,72709,60244,63254
4249,Landkreis,Leipzig,262214,128287,133927,259852,2362,35622,30385,72709,60244,63254
4275,Landkreis,Leipzig,262214,128287,133927,259852,2362,35622,30385,72709,60244,63254
4277,Landkreis,Leipzig,262214,128287,133927,259852,2362,35622,30385,72709,60244,63254
4279,Landkreis,Leipzig,262214,128287,133927,259852,2362,35622,30385,72709,60244,63254
4288,Landkreis,Leipzig,262214,128287,133927,259852,2362,35622,30385,72709,60244,63254
4289,Landkreis,Leipzig,262214,128287,133927,259852,2362,35622,30385,72709,60244,63254
4299,Landkreis,Leipzig,262214,128287,133927,259852,2362,35622,30385,72709,60244,63254
4315,Landkreis,Leipzig,262214,128287,133927,259852,2362,35622,30385,72709,60244,63254
4316,Landkreis,Leipzig,262214,128287,133927,259852,2362,35622,30385,72709,60244,63254
4317,Landkreis,Leipzig,262214,128287,133927,259852,2362,35622,30385,72709,60244,63254
4318,Landkreis,Leipzig,262214,128287,133927,259852,2362,35622,30385,72709,60244,63254
4319,Landkreis,Leipzig,262214,128287,133927,259852,2362,35622,30385,72709,60244,63254
4328,Landkreis,Leipzig,262214,128287,133927,259852,2362,35622,30385,72709,60244,63254
4329,Landkreis,Leipzig,262214,128287,133927,259852,2362,35622,30385,72709,60244,63254
4347,Landkreis,Leipzig,262214,128287,133927,259852,2362,35622,30385,72709,60244,63254
4349,Landkreis,Leipzig,262214,128287,133927,259852,2362,35622,30385,72709,60244,63254
4356,Landkreis,Leipzig,262214,128287,133927,259852,2362,35622,30385,72709,60244,63254
4357,Landkreis,Leipzig,262214,128287,133927,259852,2362,35622,30385,72709,60244,63254
6886,Landkreis,Wittenberg,132994,65065,67929,131796,1198,16201,15456,35143,31991,34203
6888,Landkreis,Wittenberg,132994,65065,67929,131796,1198,16201,15456,35143,31991,34203
6888,Landkreis,Wittenberg,132994,65065,67929,131796,1198,16201,15456,35143,31991,34203
6889,Landkreis,Wittenberg,132994,65065,67929,131796,1198,16201,15456,35143,31991,34203
7973,Landkreis,Greiz,105332,51687,53645,104558,774,13060,11577,27687,25954,27054
8056,Landkreis,Zwickau,335220,162041,173179,331356,3864,42464,41159,86259,76289,89049
8058,Landkreis,Zwickau,335220,162041,173179,331356,3864,42464,41159,86259,76289,89049
8060,Landkreis,Zwickau,335220,162041,173179,331356,3864,42464,41159,86259,76289,89049
8062,Landkreis,Zwickau,335220,162041,173179,331356,3864,42464,41159,86259,76289,89049
8064,Landkreis,Zwickau,335220,162041,173179,331356,3864,42464,41159,86259,76289,89049
8066,Landkreis,Zwickau,335220,162041,173179,331356,3864,42464,41159,86259,76289,89049
17033,Kreisfreie Stadt,Neubrandenburg,64111,30908,33203,63018,1093,8018,10726,16125,15182,14060
17034,Kreisfreie Stadt,Neubrandenburg,64111,30908,33203,63018,1093,8018,10726,16125,15182,14060
17036,Kreisfreie Stadt,Neubrandenburg,64111,30908,33203,63018,1093,8018,10726,16125,15182,14060
17109,Landkreis,Demmin,77572,38600,38973,76877,696,10601,8924,21094,19124,17830
17489,Kreisfreie Stadt,Greifswald,55447,26325,29122,53900,1547,6722,14829,13418,10269,10209
17489,Kreisfreie Stadt,Greifswald,55447,26325,29122,53900,1547,6722,14829,13418,10269,10209
17489,Kreisfreie Stadt,Greifswald,55447,26325,29122,53900,1547,6722,14829,13418,10269,10209
17489,Kreisfreie Stadt,Greifswald,55447,26325,29122,53900,1547,6722,14829,13418,10269,10209
17491,Kreisfreie Stadt,Greifswald,55447,26325,29122,53900,1547,6722,14829,13418,10269,10209
17491,Kreisfreie Stadt,Greifswald,55447,26325,29122,53900,1547,6722,14829,13418,10269,10209
17493,Kreisfreie Stadt,Greifswald,55447,26325,29122,53900,1547,6722,14829,13418,10269,10209
17493,Kreisfreie Stadt,Greifswald,55447,26325,29122,53900,1547,6722,14829,13418,10269,10209
17493,Kreisfreie Stadt,Greifswald,55447,26325,29122,53900,1547,6722,14829,13418,10269,10209
17493,Kreisfreie Stadt,Greifswald,55447,26325,29122,53900,1547,6722,14829,13418,10269,10209
17493,Kreisfreie Stadt,Greifswald,55447,26325,29122,53900,1547,6722,14829,13418,10269,10209
17493,Kreisfreie Stadt,Greifswald,55447,26325,29122,53900,1547,6722,14829,13418,10269,10209
17493,Kreisfreie Stadt,Greifswald,55447,26325,29122,53900,1547,6722,14829,13418,10269,10209
17493,Kreisfreie Stadt,Greifswald,55447,26325,29122,53900,1547,6722,14829,13418,10269,10209
17493,Kreisfreie Stadt,Greifswald,55447,26325,29122,53900,1547,6722,14829,13418,10269,10209
17493,Kreisfreie Stadt,Greifswald,55447,26325,29122,53900,1547,6722,14829,13418,10269,10209
18055,Kreisfreie Stadt,Rostock,200265,98115,102151,193959,6307,23918,40640,51145,38708,45855
18055,Kreisfreie Stadt,Rostock,200265,98115,102151,193959,6307,23918,40640,51145,38708,45855
18057,Kreisfreie Stadt,Rostock,200265,98115,102151,193959,6307,23918,40640,51145,38708,45855
18057,Kreisfreie Stadt,Rostock,200265,98115,102151,193959,6307,23918,40640,51145,38708,45855
18106,Kreisfreie Stadt,Rostock,200265,98115,102151,193959,6307,23918,40640,51145,38708,45855
18106,Kreisfreie Stadt,Rostock,200265,98115,102151,193959,6307,23918,40640,51145,38708,45855
18109,Kreisfreie Stadt,Rostock,200265,98115,102151,193959,6307,23918,40640,51145,38708,45855
18109,Kreisfreie Stadt,Rostock,200265,98115,102151,193959,6307,23918,40640,51145,38708,45855
18119,Kreisfreie Stadt,Rostock,200265,98115,102151,193959,6307,23918,40640,51145,38708,45855
18119,Kreisfreie Stadt,Rostock,200265,98115,102151,193959,6307,23918,40640,51145,38708,45855
18146,Kreisfreie Stadt,Rostock,200265,98115,102151,193959,6307,23918,40640,51145,38708,45855
18146,Kreisfreie Stadt,Rostock,200265,98115,102151,193959,6307,23918,40640,51145,38708,45855
18147,Kreisfreie Stadt,Rostock,200265,98115,102151,193959,6307,23918,40640,51145,38708,45855
18147,Kreisfreie Stadt,Rostock,200265,98115,102151,193959,6307,23918,40640,51145,38708,45855
18273,Landkreis,Güstrow,96905,48150,48755,96053,852,13579,12060,26698,22809,21759
18435,Kreisfreie Stadt,Stralsund,56729,27550,29179,55946,783,7148,9150,14611,11487,14333
18435,Kreisfreie Stadt,Stralsund,56729,27550,29179,55946,783,7148,9150,14611,11487,14333
18437,Kreisfreie Stadt,Stralsund,56729,27550,29179,55946,783,7148,9150,14611,11487,14333
18437,Kreisfreie Stadt,Stralsund,56729,27550,29179,55946,783,7148,9150,14611,11487,14333
18439,Kreisfreie Stadt,Stralsund,56729,27550,29179,55946,783,7148,9150,14611,11487,14333
18439,Kreisfreie Stadt,Stralsund,56729,27550,29179,55946,783,7148,9150,14611,11487,14333
18439,Kreisfreie Stadt,Stralsund,56729,27550,29179,55946,783,7148,9150,14611,11487,14333
18439,Kreisfreie Stadt,Stralsund,56729,27550,29179,55946,783,7148,9150,14611,11487,14333
18439,Kreisfreie Stadt,Stralsund,56729,27550,29179,55946,783,7148,9150,14611,11487,14333
18439,Kreisfreie Stadt,Stralsund,56729,27550,29179,55946,783,7148,9150,14611,11487,14333
19053,Kreisfreie Stadt,Schwerin,91293,43244,48049,88060,3233,12065,13671,23468,19907,22182
19055,Kreisfreie Stadt,Schwerin,91293,43244,48049,88060,3233,12065,13671,23468,19907,22182
19055,Kreisfreie Stadt,Schwerin,91293,43244,48049,88060,3233,12065,13671,23468,19907,22182
19057,Kreisfreie Stadt,Schwerin,91293,43244,48049,88060,3233,12065,13671,23468,19907,22182
19059,Kreisfreie Stadt,Schwerin,91293,43244,48049,88060,3233,12065,13671,23468,19907,22182
19061,Kreisfreie Stadt,Schwerin,91293,43244,48049,88060,3233,12065,13671,23468,19907,22182
19063,Kreisfreie Stadt,Schwerin,91293,43244,48049,88060,3233,12065,13671,23468,19907,22182
19288,Landkreis,Ludwigslust,120926,60409,60516,118822,2103,17341,15844,34752,28716,24272
19370,Landkreis,Parchim,93446,46371,47074,92445,1000,12464,10669,25753,24005,20554
21335,Landkreis,Lüneburg,174123,84545,89578,167819,6304,31799,24231,52292,33489,32312
21337,Landkreis,Lüneburg,174123,84545,89578,167819,6304,31799,24231,52292,33489,32312
21339,Landkreis,Lüneburg,174123,84545,89578,167819,6304,31799,24231,52292,33489,32312
21680,Landkreis,Stade,195450,97195,98255,186395,9055,36395,24908,56296,39843,38008
21682,Landkreis,Stade,195450,97195,98255,186395,9055,36395,24908,56296,39843,38008
21683,Landkreis,Stade,195450,97195,98255,186395,9055,36395,24908,56296,39843,38008
21684,Landkreis,Stade,195450,97195,98255,186395,9055,36395,24908,56296,39843,38008
22964,Kreis,Steinburg,130785,64208,66575,126924,3859,23114,15776,37225,26751,27917
23970,Kreisfreie Stadt,Wismar,42468,20634,21835,41096,1373,5149,7346,10445,8830,10699
24306,Kreis,Plön,127676,61687,65989,125005,2671,21960,13427,34934,27201,30154
24306,Kreis,Plön,127676,61687,65989,125005,2671,21960,13427,34934,27201,30154
25421,Kreis,Pinneberg,296341,144046,152295,277686,18655,51764,35041,86649,59346,63541
25421,Kreis,Pinneberg,296341,144046,152295,277686,18655,51764,35041,86649,59346,63541
26122,Landkreis,Oldenburg,125015,61588,63426,120296,4718,23503,14425,36895,25945,24246
26409,Landkreis,Wittmund,56839,27654,29185,55504,1335,10303,7094,15136,12241,12065
26409,Landkreis,Wittmund,56839,27654,29185,55504,1335,10303,7094,15136,12241,12065
26603,Landkreis,Aurich,187136,91373,95762,182397,4738,34784,23247,51670,39656,37778
26603,Landkreis,Aurich,187136,91373,95762,182397,4738,34784,23247,51670,39656,37778
26605,Landkreis,Aurich,187136,91373,95762,182397,4738,34784,23247,51670,39656,37778
26605,Landkreis,Aurich,187136,91373,95762,182397,4738,34784,23247,51670,39656,37778
26607,Landkreis,Aurich,187136,91373,95762,182397,4738,34784,23247,51670,39656,37778
26607,Landkreis,Aurich,187136,91373,95762,182397,4738,34784,23247,51670,39656,37778
26789,Landkreis,Leer,163832,80830,83002,156132,7700,31135,21805,46143,32615,32134
26789,Landkreis,Leer,163832,80830,83002,156132,7700,31135,21805,46143,32615,32134
26789,Landkreis,Leer,163832,80830,83002,156132,7700,31135,21805,46143,32615,32134
27283,Landkreis,Verden,132300,64516,67784,126052,6248,24258,16251,37253,28043,26495
27472,Landkreis,Cuxhaven,198777,97025,101753,191000,7778,34334,22507,53237,43151,45549
27474,Landkreis,Cuxhaven,198777,97025,101753,191000,7778,34334,22507,53237,43151,45549
27476,Landkreis,Cuxhaven,198777,97025,101753,191000,7778,34334,22507,53237,43151,45549
27478,Landkreis,Cuxhaven,198777,97025,101753,191000,7778,34334,22507,53237,43151,45549
29221,Landkreis,Celle,176690,86149,90541,169314,7376,31516,22617,47390,36623,38544
29223,Landkreis,Celle,176690,86149,90541,169314,7376,31516,22617,47390,36623,38544
29225,Landkreis,Celle,176690,86149,90541,169314,7376,31516,22617,47390,36623,38544
29227,Landkreis,Celle,176690,86149,90541,169314,7376,31516,22617,47390,36623,38544
29525,Landkreis,Uelzen,93596,45440,48155,91101,2494,15626,10702,25256,19576,22435
31134,Landkreis,Hildesheim,277595,133900,143694,264559,13035,46090,37252,76217,56695,61340
31135,Landkreis,Hildesheim,277595,133900,143694,264559,13035,46090,37252,76217,56695,61340
31137,Landkreis,Hildesheim,277595,133900,143694,264559,13035,46090,37252,76217,56695,61340
31139,Landkreis,Hildesheim,277595,133900,143694,264559,13035,46090,37252,76217,56695,61340
31141,Landkreis,Hildesheim,277595,133900,143694,264559,13035,46090,37252,76217,56695,61340
31224,Landkreis,Peine,130398,63816,66582,124661,5737,23826,15256,37765,26488,27063
31226,Landkreis,Peine,130398,63816,66582,124661,5737,23826,15256,37765,26488,27063
31228,Landkreis,Peine,130398,63816,66582,124661,5737,23826,15256,37765,26488,27063
32049,Kreis,Herford,250704,121741,128963,236263,14441,44135,33262,69623,50279,53405
32051,Kreis,Herford,250704,121741,128963,236263,14441,44135,33262,69623,50279,53405
32052,Kreis,Herford,250704,121741,128963,236263,14441,44135,33262,69623,50279,53405
33098,Kreis,Paderborn,294602,145738,148864,278485,16117,55709,48915,84174,56405,49399
33100,Kreis,Paderborn,294602,145738,148864,278485,16117,55709,48915,84174,56405,49399
33102,Kreis,Paderborn,294602,145738,148864,278485,16117,55709,48915,84174,56405,49399
33104,Kreis,Paderborn,294602,145738,148864,278485,16117,55709,48915,84174,56405,49399
33106,Kreis,Paderborn,294602,145738,148864,278485,16117,55709,48915,84174,56405,49399
33330,Kreis,Gütersloh,350420,172971,177448,322884,27535,67164,48605,102221,67564,64865
33330,Kreis,Gütersloh,350420,172971,177448,322884,27535,67164,48605,102221,67564,64865
33332,Kreis,Gütersloh,350420,172971,177448,322884,27535,67164,48605,102221,67564,64865
33334,Kreis,Gütersloh,350420,172971,177448,322884,27535,67164,48605,102221,67564,64865
33335,Kreis,Gütersloh,350420,172971,177448,322884,27535,67164,48605,102221,67564,64865
34117,Landkreis,Kassel,234933,114155,120778,226313,8620,38062,27222,64355,51865,53429
34119,Landkreis,Kassel,234933,114155,120778,226313,8620,38062,27222,64355,51865,53429
34121,Landkreis,Kassel,234933,114155,120778,226313,8620,38062,27222,64355,51865,53429
34123,Landkreis,Kassel,234933,114155,120778,226313,8620,38062,27222,64355,51865,53429
34125,Landkreis,Kassel,234933,114155,120778,226313,8620,38062,27222,64355,51865,53429
34127,Landkreis,Kassel,234933,114155,120778,226313,8620,38062,27222,64355,51865,53429
34128,Landkreis,Kassel,234933,114155,120778,226313,8620,38062,27222,64355,51865,53429
34130,Landkreis,Kassel,234933,114155,120778,226313,8620,38062,27222,64355,51865,53429
34131,Landkreis,Kassel,234933,114155,120778,226313,8620,38062,27222,64355,51865,53429
34132,Landkreis,Kassel,234933,114155,120778,226313,8620,38062,27222,64355,51865,53429
34134,Landkreis,Kassel,234933,114155,120778,226313,8620,38062,27222,64355,51865,53429
34582,Kreis,Borken,363755,180204,183550,342521,21233,73463,52675,105916,68866,62834
35104,Landkreis,Lichtenfels,67297,32917,34380,65508,1789,10979,8870,18979,14387,14082
35390,Landkreis,Gießen,251238,122259,128979,234047,17191,40425,44477,69634,50088,46614
35392,Landkreis,Gießen,251238,122259,128979,234047,17191,40425,44477,69634,50088,46614
35394,Landkreis,Gießen,251238,122259,128979,234047,17191,40425,44477,69634,50088,46614
35396,Landkreis,Gießen,251238,122259,128979,234047,17191,40425,44477,69634,50088,46614
35398,Landkreis,Gießen,251238,122259,128979,234047,17191,40425,44477,69634,50088,46614
36037,Landkreis,Fulda,216179,105791,110388,206508,9671,39366,30976,60642,42191,43004
36039,Landkreis,Fulda,216179,105791,110388,206508,9671,39366,30976,60642,42191,43004
36041,Landkreis,Fulda,216179,105791,110388,206508,9671,39366,30976,60642,42191,43004
36043,Landkreis,Fulda,216179,105791,110388,206508,9671,39366,30976,60642,42191,43004
37073,Landkreis,Göttingen,248037,120644,127393,233026,15011,39087,43813,67508,48769,48860
37075,Landkreis,Göttingen,248037,120644,127393,233026,15011,39087,43813,67508,48769,48860
37077,Landkreis,Göttingen,248037,120644,127393,233026,15011,39087,43813,67508,48769,48860
37079,Landkreis,Göttingen,248037,120644,127393,233026,15011,39087,43813,67508,48769,48860
37081,Landkreis,Göttingen,248037,120644,127393,233026,15011,39087,43813,67508,48769,48860
37083,Landkreis,Göttingen,248037,120644,127393,233026,15011,39087,43813,67508,48769,48860
37085,Landkreis,Göttingen,248037,120644,127393,233026,15011,39087,43813,67508,48769,48860
37085,Landkreis,Göttingen,248037,120644,127393,233026,15011,39087,43813,67508,48769,48860
37154,Landkreis,Northeim,137445,67254,70192,132727,4719,22045,15997,36800,30224,32380
37520,Landkreis,Osterode am Harz,76785,37334,39452,74101,2685,11613,8120,19598,17079,20376
37603,Landkreis,Holzminden,73548,36051,37496,70540,3007,11976,9056,18740,15654,18121
37671,Kreis,Höxter,145678,71872,73807,141411,4268,26667,19573,39153,30070,30216
38300,Landkreis,Wolfenbüttel,120774,59275,61498,116751,4022,20447,14112,33996,25492,26726
38302,Landkreis,Wolfenbüttel,120774,59275,61498,116751,4022,20447,14112,33996,25492,26726
38304,Landkreis,Wolfenbüttel,120774,59275,61498,116751,4022,20447,14112,33996,25492,26726
38350,Landkreis,Helmstedt,91410,44815,46595,88314,3096,14470,10821,25245,20061,20813
38518,Landkreis,Gifhorn,171333,85102,86229,164813,6518,32619,22027,49876,35807,31002
38640,Landkreis,Goslar,140137,68053,72084,133352,6785,19955,17617,36134,29501,36930
38642,Landkreis,Goslar,140137,68053,72084,133352,6785,19955,17617,36134,29501,36930
38642,Landkreis,Goslar,140137,68053,72084,133352,6785,19955,17617,36134,29501,36930
38642,Landkreis,Goslar,140137,68053,72084,133352,6785,19955,17617,36134,29501,36930
38644,Landkreis,Goslar,140137,68053,72084,133352,6785,19955,17617,36134,29501,36930
38644,Landkreis,Goslar,140137,68053,72084,133352,6785,19955,17617,36134,29501,36930
38644,Landkreis,Goslar,140137,68053,72084,133352,6785,19955,17617,36134,29501,36930
38644,Landkreis,Goslar,140137,68053,72084,133352,6785,19955,17617,36134,29501,36930
38690,Landkreis,Goslar,140137,68053,72084,133352,6785,19955,17617,36134,29501,36930
39576,Landkreis,Stendal,119204,58876,60328,117938,1266,16161,15523,32207,28291,27022
40822,Kreis,Mettmann,477778,229244,248533,435929,41848,78247,56508,133448,99985,109589
41747,Kreis,Viersen,296175,143564,152612,276656,19520,51875,36933,85242,62054,60072
41747,Kreis,Viersen,296175,143564,152612,276656,19520,51875,36933,85242,62054,60072
41747,Kreis,Viersen,296175,143564,152612,276656,19520,51875,36933,85242,62054,60072
41748,Kreis,Viersen,296175,143564,152612,276656,19520,51875,36933,85242,62054,60072
41748,Kreis,Viersen,296175,143564,152612,276656,19520,51875,36933,85242,62054,60072
41748,Kreis,Viersen,296175,143564,152612,276656,19520,51875,36933,85242,62054,60072
41749,Kreis,Viersen,296175,143564,152612,276656,19520,51875,36933,85242,62054,60072
41751,Kreis,Viersen,296175,143564,152612,276656,19520,51875,36933,85242,62054,60072
45657,Kreis,Recklinghausen,619382,300016,319366,571652,47730,101246,80246,171449,134925,131516
45659,Kreis,Recklinghausen,619382,300016,319366,571652,47730,101246,80246,171449,134925,131516
45661,Kreis,Recklinghausen,619382,300016,319366,571652,47730,101246,80246,171449,134925,131516
45663,Kreis,Recklinghausen,619382,300016,319366,571652,47730,101246,80246,171449,134925,131516
45665,Kreis,Recklinghausen,619382,300016,319366,571652,47730,101246,80246,171449,134925,131516
46325,Kreis,Borken,363755,180204,183550,342521,21233,73463,52675,105916,68866,62834
46483,Kreis,Wesel,460419,223209,237211,430775,29645,75517,59078,127704,101238,96883
46485,Kreis,Wesel,460419,223209,237211,430775,29645,75517,59078,127704,101238,96883
46487,Kreis,Wesel,460419,223209,237211,430775,29645,75517,59078,127704,101238,96883
47533,Kreis,Kleve,300989,148241,152749,274239,26751,54404,40308,86005,63264,57009
48231,Kreis,Warendorf,273477,133765,139712,257227,16250,51945,36020,76870,55365,53277
48565,Kreis,Steinfurt,433659,213608,220052,413059,20601,85041,59170,124318,84869,80262
48653,Kreis,Coesfeld,215269,105292,109977,208752,6517,41345,28265,61479,45020,39160
49074,Landkreis,Osnabrück,350147,172481,177666,334400,15747,67679,46829,99438,69646,66555
49076,Landkreis,Osnabrück,350147,172481,177666,334400,15747,67679,46829,99438,69646,66555
49078,Landkreis,Osnabrück,350147,172481,177666,334400,15747,67679,46829,99438,69646,66555
49080,Landkreis,Osnabrück,350147,172481,177666,334400,15747,67679,46829,99438,69646,66555
49082,Landkreis,Osnabrück,350147,172481,177666,334400,15747,67679,46829,99438,69646,66555
49084,Landkreis,Osnabrück,350147,172481,177666,334400,15747,67679,46829,99438,69646,66555
49086,Landkreis,Osnabrück,350147,172481,177666,334400,15747,67679,46829,99438,69646,66555
49088,Landkreis,Osnabrück,350147,172481,177666,334400,15747,67679,46829,99438,69646,66555
49090,Landkreis,Osnabrück,350147,172481,177666,334400,15747,67679,46829,99438,69646,66555
49356,Landkreis,Diepholz,211185,104633,106551,202188,8996,37191,25179,60724,44489,43601
49377,Landkreis,Vechta,132293,66111,66183,123685,8609,28250,21105,38972,23992,19975
49661,Landkreis,Cloppenburg,159337,80218,79119,151058,8279,35455,24505,45810,28778,24789
52349,Kreis,Düren,258760,127124,131637,240420,18341,46060,34863,71763,55132,50943
52351,Kreis,Düren,258760,127124,131637,240420,18341,46060,34863,71763,55132,50943
52353,Kreis,Düren,258760,127124,131637,240420,18341,46060,34863,71763,55132,50943
52355,Kreis,Düren,258760,127124,131637,240420,18341,46060,34863,71763,55132,50943
53879,Kreis,Euskirchen,187940,92313,95626,179564,8375,33474,24074,52709,40656,37026
53881,Kreis,Euskirchen,187940,92313,95626,179564,8375,33474,24074,52709,40656,37026
55543,Landkreis,Bad Kreuznach,155599,75262,80337,145479,10120,26100,19987,42722,33918,32872
55545,Landkreis,Bad Kreuznach,155599,75262,80337,145479,10120,26100,19987,42722,33918,32872
55583,Landkreis,Bad Kreuznach,155599,75262,80337,145479,10120,26100,19987,42722,33918,32872
56564,Landkreis,Neuwied,180674,88216,92456,169178,11494,31826,23524,48872,38519,37931
56566,Landkreis,Neuwied,180674,88216,92456,169178,11494,31826,23524,48872,38519,37931
56567,Landkreis,Neuwied,180674,88216,92456,169178,11494,31826,23524,48872,38519,37931
57290,Landkreis,Neunkirchen,135531,65866,69665,128863,6668,19508,17896,36385,30805,30937
57462,Kreis,Olpe,136491,67847,68643,127584,8906,25175,19146,39701,26914,25554
57610,Landkreis,Altenkirchen (Westerwald),130570,64263,66307,124248,6322,22884,17699,35613,27385,26989
59423,Kreis,Unna,396060,191806,204254,368559,27501,66386,50554,110609,85134,83377
59425,Kreis,Unna,396060,191806,204254,368559,27501,66386,50554,110609,85134,83377
59425,Kreis,Unna,396060,191806,204254,368559,27501,66386,50554,110609,85134,83377
59427,Kreis,Unna,396060,191806,204254,368559,27501,66386,50554,110609,85134,83377
59494,Kreis,Soest,296875,145297,151578,280244,16631,53555,39080,84342,60526,59372
63739,Landkreis,Aschaffenburg,172612,85283,87329,162083,10529,29933,23042,49826,36491,33320
63739,Kreisfreie Stadt,Aschaffenburg,67359,32231,35128,59412,7947,10902,9806,19741,13601,13309
63741,Landkreis,Aschaffenburg,172612,85283,87329,162083,10529,29933,23042,49826,36491,33320
63741,Kreisfreie Stadt,Aschaffenburg,67359,32231,35128,59412,7947,10902,9806,19741,13601,13309
63743,Kreisfreie Stadt,Aschaffenburg,67359,32231,35128,59412,7947,10902,9806,19741,13601,13309
63743,Landkreis,Aschaffenburg,172612,85283,87329,162083,10529,29933,23042,49826,36491,33320
63897,Landkreis,Miltenberg,128406,63855,64550,117892,10513,23297,17228,36860,26411,24609
63930,Landkreis,Neunkirchen,135531,65866,69665,128863,6668,19508,17896,36385,30805,30937
64521,Landkreis,Groß-Gerau,251050,123534,127515,210768,40281,44002,35058,75002,49394,47593
64658,Kreisfreie Stadt,Fürth,115613,55680,59933,100283,15330,18578,16952,35974,22654,21455
64658,Landkreis,Fürth,112786,54689,58097,107690,5096,18691,14090,32547,24158,23300
66538,Landkreis,Neunkirchen,135531,65866,69665,128863,6668,19508,17896,36385,30805,30937
66539,Landkreis,Neunkirchen,135531,65866,69665,128863,6668,19508,17896,36385,30805,30937
66540,Landkreis,Neunkirchen,135531,65866,69665,128863,6668,19508,17896,36385,30805,30937
66740,Landkreis,Saarlouis,197877,95993,101884,185187,12690,29946,25842,53109,45476,43504
66869,Landkreis,Kusel,72781,35908,36875,70451,2332,11641,9278,19273,16905,15686
67098,Landkreis,Bad Dürkheim,131085,63784,67301,124203,6882,21316,14945,36121,29915,28788
67655,Landkreis,Kaiserslautern,105283,51460,53823,99859,5424,18317,13913,28671,23380,21002
67657,Landkreis,Kaiserslautern,105283,51460,53823,99859,5424,18317,13913,28671,23380,21002
67659,Landkreis,Kaiserslautern,105283,51460,53823,99859,5424,18317,13913,28671,23380,21002
67661,Landkreis,Kaiserslautern,105283,51460,53823,99859,5424,18317,13913,28671,23380,21002
67661,Landkreis,Kaiserslautern,105283,51460,53823,99859,5424,18317,13913,28671,23380,21002
67663,Landkreis,Kaiserslautern,105283,51460,53823,99859,5424,18317,13913,28671,23380,21002
68159,Stadtkreis,Mannheim,290117,141736,148381,235153,54964,45324,50206,85548,53592,55447
68161,Stadtkreis,Mannheim,290117,141736,148381,235153,54964,45324,50206,85548,53592,55447
68163,Stadtkreis,Mannheim,290117,141736,148381,235153,54964,45324,50206,85548,53592,55447
68165,Stadtkreis,Mannheim,290117,141736,148381,235153,54964,45324,50206,85548,53592,55447
68167,Stadtkreis,Mannheim,290117,141736,148381,235153,54964,45324,50206,85548,53592,55447
68169,Stadtkreis,Mannheim,290117,141736,148381,235153,54964,45324,50206,85548,53592,55447
68199,Stadtkreis,Mannheim,290117,141736,148381,235153,54964,45324,50206,85548,53592,55447
68219,Stadtkreis,Mannheim,290117,141736,148381,235153,54964,45324,50206,85548,53592,55447
68229,Stadtkreis,Mannheim,290117,141736,148381,235153,54964,45324,50206,85548,53592,55447
68239,Stadtkreis,Mannheim,290117,141736,148381,235153,54964,45324,50206,85548,53592,55447
68259,Stadtkreis,Mannheim,290117,141736,148381,235153,54964,45324,50206,85548,53592,55447
68305,Stadtkreis,Mannheim,290117,141736,148381,235153,54964,45324,50206,85548,53592,55447
68307,Stadtkreis,Mannheim,290117,141736,148381,235153,54964,45324,50206,85548,53592,55447
68309,Stadtkreis,Mannheim,290117,141736,148381,235153,54964,45324,50206,85548,53592,55447
69115,Stadtkreis,Heidelberg,146751,69265,77486,123100,23651,20674,36068,42003,24070,23936
69117,Stadtkreis,Heidelberg,146751,69265,77486,123100,23651,20674,36068,42003,24070,23936
69118,Stadtkreis,Heidelberg,146751,69265,77486,123100,23651,20674,36068,42003,24070,23936
69120,Stadtkreis,Heidelberg,146751,69265,77486,123100,23651,20674,36068,42003,24070,23936
69121,Stadtkreis,Heidelberg,146751,69265,77486,123100,23651,20674,36068,42003,24070,23936
69123,Stadtkreis,Heidelberg,146751,69265,77486,123100,23651,20674,36068,42003,24070,23936
69124,Stadtkreis,Heidelberg,146751,69265,77486,123100,23651,20674,36068,42003,24070,23936
69126,Stadtkreis,Heidelberg,146751,69265,77486,123100,23651,20674,36068,42003,24070,23936
70173,Stadtkreis,Stuttgart,585890,287085,298805,463152,122738,90668,105105,180528,100296,109293
70174,Stadtkreis,Stuttgart,585890,287085,298805,463152,122738,90668,105105,180528,100296,109293
70176,Stadtkreis,Stuttgart,585890,287085,298805,463152,122738,90668,105105,180528,100296,109293
70178,Stadtkreis,Stuttgart,585890,287085,298805,463152,122738,90668,105105,180528,100296,109293
70180,Stadtkreis,Stuttgart,585890,287085,298805,463152,122738,90668,105105,180528,100296,109293
70182,Stadtkreis,Stuttgart,585890,287085,298805,463152,122738,90668,105105,180528,100296,109293
70184,Stadtkreis,Stuttgart,585890,287085,298805,463152,122738,90668,105105,180528,100296,109293
70186,Stadtkreis,Stuttgart,585890,287085,298805,463152,122738,90668,105105,180528,100296,109293
70188,Stadtkreis,Stuttgart,585890,287085,298805,463152,122738,90668,105105,180528,100296,109293
70190,Stadtkreis,Stuttgart,585890,287085,298805,463152,122738,90668,105105,180528,100296,109293
70191,Stadtkreis,Stuttgart,585890,287085,298805,463152,122738,90668,105105,180528,100296,109293
70192,Stadtkreis,Stuttgart,585890,287085,298805,463152,122738,90668,105105,180528,100296,109293
70193,Stadtkreis,Stuttgart,585890,287085,298805,463152,122738,90668,105105,180528,100296,109293
70195,Stadtkreis,Stuttgart,585890,287085,298805,463152,122738,90668,105105,180528,100296,109293
70197,Stadtkreis,Stuttgart,585890,287085,298805,463152,122738,90668,105105,180528,100296,109293
70199,Stadtkreis,Stuttgart,585890,287085,298805,463152,122738,90668,105105,180528,100296,109293
70327,Stadtkreis,Stuttgart,585890,287085,298805,463152,122738,90668,105105,180528,100296,109293
70329,Stadtkreis,Stuttgart,585890,287085,298805,463152,122738,90668,105105,180528,100296,109293
70372,Stadtkreis,Stuttgart,585890,287085,298805,463152,122738,90668,105105,180528,100296,109293
70374,Stadtkreis,Stuttgart,585890,287085,298805,463152,122738,90668,105105,180528,100296,109293
70376,Stadtkreis,Stuttgart,585890,287085,298805,463152,122738,90668,105105,180528,100296,109293
70378,Stadtkreis,Stuttgart,585890,287085,298805,463152,122738,90668,105105,180528,100296,109293
70435,Stadtkreis,Stuttgart,585890,287085,298805,463152,122738,90668,105105,180528,100296,109293
70437,Stadtkreis,Stuttgart,585890,287085,298805,463152,122738,90668,105105,180528,100296,109293
70439,Stadtkreis,Stuttgart,585890,287085,298805,463152,122738,90668,105105,180528,100296,109293
70439,Stadtkreis,Stuttgart,585890,287085,298805,463152,122738,90668,105105,180528,100296,109293
70469,Stadtkreis,Stuttgart,585890,287085,298805,463152,122738,90668,105105,180528,100296,109293
70499,Stadtkreis,Stuttgart,585890,287085,298805,463152,122738,90668,105105,180528,100296,109293
70563,Stadtkreis,Stuttgart,585890,287085,298805,463152,122738,90668,105105,180528,100296,109293
70565,Stadtkreis,Stuttgart,585890,287085,298805,463152,122738,90668,105105,180528,100296,109293
70567,Stadtkreis,Stuttgart,585890,287085,298805,463152,122738,90668,105105,180528,100296,109293
70569,Stadtkreis,Stuttgart,585890,287085,298805,463152,122738,90668,105105,180528,100296,109293
70597,Stadtkreis,Stuttgart,585890,287085,298805,463152,122738,90668,105105,180528,100296,109293
70599,Stadtkreis,Stuttgart,585890,287085,298805,463152,122738,90668,105105,180528,100296,109293
70619,Stadtkreis,Stuttgart,585890,287085,298805,463152,122738,90668,105105,180528,100296,109293
71032,Landkreis,Böblingen,363950,178710,185239,313903,50046,67026,49054,106971,70456,70442
71034,Landkreis,Böblingen,363950,178710,185239,313903,50046,67026,49054,106971,70456,70442
71634,Landkreis,Ludwigsburg,509871,250121,259750,440248,69623,91947,69400,151953,98500,98071
71636,Landkreis,Ludwigsburg,509871,250121,259750,440248,69623,91947,69400,151953,98500,98071
71638,Landkreis,Ludwigsburg,509871,250121,259750,440248,69623,91947,69400,151953,98500,98071
71640,Landkreis,Ludwigsburg,509871,250121,259750,440248,69623,91947,69400,151953,98500,98071
71642,Landkreis,Ludwigsburg,509871,250121,259750,440248,69623,91947,69400,151953,98500,98071
72070,Landkreis,Tübingen,211951,102679,109273,190824,21128,37834,41254,59939,39538,33387
72072,Landkreis,Tübingen,211951,102679,109273,190824,21128,37834,41254,59939,39538,33387
72074,Landkreis,Tübingen,211951,102679,109273,190824,21128,37834,41254,59939,39538,33387
72076,Landkreis,Tübingen,211951,102679,109273,190824,21128,37834,41254,59939,39538,33387
72250,Landkreis,Freudenstadt,115973,56908,59065,107574,8399,21658,16328,32358,23279,22350
72250,Landkreis,Freudenstadt,115973,56908,59065,107574,8399,21658,16328,32358,23279,22350
72488,Landkreis,Sigmaringen,127601,63080,64520,119738,7862,24520,18447,35260,25286,24087
72760,Landkreis,Reutlingen,273352,133386,139967,243585,29768,49135,38950,77544,53621,54103
72762,Landkreis,Reutlingen,273352,133386,139967,243585,29768,49135,38950,77544,53621,54103
72762,Landkreis,Reutlingen,273352,133386,139967,243585,29768,49135,38950,77544,53621,54103
72764,Landkreis,Reutlingen,273352,133386,139967,243585,29768,49135,38950,77544,53621,54103
72764,Landkreis,Reutlingen,273352,133386,139967,243585,29768,49135,38950,77544,53621,54103
72766,Landkreis,Reutlingen,273352,133386,139967,243585,29768,49135,38950,77544,53621,54103
72766,Landkreis,Reutlingen,273352,133386,139967,243585,29768,49135,38950,77544,53621,54103
72768,Landkreis,Reutlingen,273352,133386,139967,243585,29768,49135,38950,77544,53621,54103
72770,Landkreis,Reutlingen,273352,133386,139967,243585,29768,49135,38950,77544,53621,54103
73033,Landkreis,Göppingen,247408,121268,126139,219358,28049,43719,33804,68777,49560,51547
73035,Landkreis,Göppingen,247408,121268,126139,219358,28049,43719,33804,68777,49560,51547
73037,Landkreis,Göppingen,247408,121268,126139,219358,28049,43719,33804,68777,49560,51547
74072,Stadtkreis,Heilbronn,116059,56901,59158,94489,21570,20046,17609,32822,21679,23903
74072,Landkreis,Heilbronn,322811,159509,163304,291894,30919,60608,44338,95284,64295,58288
74074,Stadtkreis,Heilbronn,116059,56901,59158,94489,21570,20046,17609,32822,21679,23903
74074,Landkreis,Heilbronn,322811,159509,163304,291894,30919,60608,44338,95284,64295,58288
74076,Landkreis,Heilbronn,322811,159509,163304,291894,30919,60608,44338,95284,64295,58288
74076,Stadtkreis,Heilbronn,116059,56901,59158,94489,21570,20046,17609,32822,21679,23903
74078,Landkreis,Heilbronn,322811,159509,163304,291894,30919,60608,44338,95284,64295,58288
74078,Stadtkreis,Heilbronn,116059,56901,59158,94489,21570,20046,17609,32822,21679,23903
74080,Stadtkreis,Heilbronn,116059,56901,59158,94489,21570,20046,17609,32822,21679,23903
74080,Landkreis,Heilbronn,322811,159509,163304,291894,30919,60608,44338,95284,64295,58288
74081,Stadtkreis,Heilbronn,116059,56901,59158,94489,21570,20046,17609,32822,21679,23903
74081,Landkreis,Heilbronn,322811,159509,163304,291894,30919,60608,44338,95284,64295,58288
74523,Landkreis,Schwäbisch Hall,186355,92317,94036,175426,10927,35431,27133,52472,38075,33242
74867,Landkreis,Neunkirchen,135531,65866,69665,128863,6668,19508,17896,36385,30805,30937
75172,Stadtkreis,Pforzheim,114411,55090,59321,94350,20061,19711,17602,30672,22060,24366
75173,Stadtkreis,Pforzheim,114411,55090,59321,94350,20061,19711,17602,30672,22060,24366
75175,Stadtkreis,Pforzheim,114411,55090,59321,94350,20061,19711,17602,30672,22060,24366
75177,Stadtkreis,Pforzheim,114411,55090,59321,94350,20061,19711,17602,30672,22060,24366
75179,Stadtkreis,Pforzheim,114411,55090,59321,94350,20061,19711,17602,30672,22060,24366
75180,Stadtkreis,Pforzheim,114411,55090,59321,94350,20061,19711,17602,30672,22060,24366
75181,Stadtkreis,Pforzheim,114411,55090,59321,94350,20061,19711,17602,30672,22060,24366
75217,Landkreis,Birkenfeld,82778,40614,42164,79738,3040,13121,10971,21364,18690,18632
75365,Landkreis,Calw,151048,74374,76675,135828,15221,28185,20407,41706,31125,29626
76131,Landkreis,Karlsruhe,424122,207969,216152,388420,35701,73922,56275,122549,88388,82987
76131,Stadtkreis,Karlsruhe,289173,143407,145766,248514,40659,42567,55483,84989,51376,54758
76133,Landkreis,Karlsruhe,424122,207969,216152,388420,35701,73922,56275,122549,88388,82987
76133,Stadtkreis,Karlsruhe,289173,143407,145766,248514,40659,42567,55483,84989,51376,54758
76135,Stadtkreis,Karlsruhe,289173,143407,145766,248514,40659,42567,55483,84989,51376,54758
76135,Landkreis,Karlsruhe,424122,207969,216152,388420,35701,73922,56275,122549,88388,82987
76137,Stadtkreis,Karlsruhe,289173,143407,145766,248514,40659,42567,55483,84989,51376,54758
76137,Landkreis,Karlsruhe,424122,207969,216152,388420,35701,73922,56275,122549,88388,82987
76139,Stadtkreis,Karlsruhe,289173,143407,145766,248514,40659,42567,55483,84989,51376,54758
76139,Landkreis,Karlsruhe,424122,207969,216152,388420,35701,73922,56275,122549,88388,82987
76149,Landkreis,Karlsruhe,424122,207969,216152,388420,35701,73922,56275,122549,88388,82987
76149,Stadtkreis,Karlsruhe,289173,143407,145766,248514,40659,42567,55483,84989,51376,54758
76185,Landkreis,Karlsruhe,424122,207969,216152,388420,35701,73922,56275,122549,88388,82987
76185,Stadtkreis,Karlsruhe,289173,143407,145766,248514,40659,42567,55483,84989,51376,54758
76187,Landkreis,Karlsruhe,424122,207969,216152,388420,35701,73922,56275,122549,88388,82987
76187,Stadtkreis,Karlsruhe,289173,143407,145766,248514,40659,42567,55483,84989,51376,54758
76189,Landkreis,Karlsruhe,424122,207969,216152,388420,35701,73922,56275,122549,88388,82987
76189,Stadtkreis,Karlsruhe,289173,143407,145766,248514,40659,42567,55483,84989,51376,54758
76199,Landkreis,Karlsruhe,424122,207969,216152,388420,35701,73922,56275,122549,88388,82987
76199,Stadtkreis,Karlsruhe,289173,143407,145766,248514,40659,42567,55483,84989,51376,54758
76227,Stadtkreis,Karlsruhe,289173,143407,145766,248514,40659,42567,55483,84989,51376,54758
76227,Landkreis,Karlsruhe,424122,207969,216152,388420,35701,73922,56275,122549,88388,82987
76228,Stadtkreis,Karlsruhe,289173,143407,145766,248514,40659,42567,55483,84989,51376,54758
76228,Landkreis,Karlsruhe,424122,207969,216152,388420,35701,73922,56275,122549,88388,82987
76229,Landkreis,Karlsruhe,424122,207969,216152,388420,35701,73922,56275,122549,88388,82987
76229,Stadtkreis,Karlsruhe,289173,143407,145766,248514,40659,42567,55483,84989,51376,54758
76437,Landkreis,Rastatt,222324,108942,113382,203121,19203,38317,29263,62740,47192,44812
76530,Stadtkreis,Baden-Baden,52314,24350,27965,45913,6402,7675,5918,13748,11091,13883
76532,Stadtkreis,Baden-Baden,52314,24350,27965,45913,6402,7675,5918,13748,11091,13883
76534,Stadtkreis,Baden-Baden,52314,24350,27965,45913,6402,7675,5918,13748,11091,13883
76726,Landkreis,Germersheim,123913,61234,62679,113793,10120,21996,17528,36036,26177,22176
77781,Landkreis,Biberach,187444,93070,94374,177356,10088,36844,27605,53456,36574,32965
78462,Landkreis,Konstanz,266964,128473,138492,239780,27185,45493,41828,73870,51293,54481
78462,Landkreis,Konstanz,266964,128473,138492,239780,27185,45493,41828,73870,51293,54481
78464,Landkreis,Konstanz,266964,128473,138492,239780,27185,45493,41828,73870,51293,54481
78464,Landkreis,Konstanz,266964,128473,138492,239780,27185,45493,41828,73870,51293,54481
78465,Landkreis,Konstanz,266964,128473,138492,239780,27185,45493,41828,73870,51293,54481
78465,Landkreis,Konstanz,266964,128473,138492,239780,27185,45493,41828,73870,51293,54481
78465,Landkreis,Konstanz,266964,128473,138492,239780,27185,45493,41828,73870,51293,54481
78465,Landkreis,Konstanz,266964,128473,138492,239780,27185,45493,41828,73870,51293,54481
78467,Landkreis,Konstanz,266964,128473,138492,239780,27185,45493,41828,73870,51293,54481
78467,Landkreis,Konstanz,266964,128473,138492,239780,27185,45493,41828,73870,51293,54481
78532,Landkreis,Tuttlingen,132214,65378,66835,119134,13079,25173,19121,36541,25846,25532
78628,Landkreis,Rottweil,136479,67218,69260,127542,8936,25623,18497,37849,26829,27680
78628,Landkreis,Rottweil,136479,67218,69260,127542,8936,25623,18497,37849,26829,27680
79098,Stadtkreis,Freiburg im Breisgau,209628,98705,110924,181594,28035,33202,46053,60653,35190,34531
79100,Stadtkreis,Freiburg im Breisgau,209628,98705,110924,181594,28035,33202,46053,60653,35190,34531
79102,Stadtkreis,Freiburg im Breisgau,209628,98705,110924,181594,28035,33202,46053,60653,35190,34531
79104,Stadtkreis,Freiburg im Breisgau,209628,98705,110924,181594,28035,33202,46053,60653,35190,34531
79106,Stadtkreis,Freiburg im Breisgau,209628,98705,110924,181594,28035,33202,46053,60653,35190,34531
79106,Stadtkreis,Freiburg im Breisgau,209628,98705,110924,181594,28035,33202,46053,60653,35190,34531
79106,Stadtkreis,Freiburg im Breisgau,209628,98705,110924,181594,28035,33202,46053,60653,35190,34531
79106,Stadtkreis,Freiburg im Breisgau,209628,98705,110924,181594,28035,33202,46053,60653,35190,34531
79106,Stadtkreis,Freiburg im Breisgau,209628,98705,110924,181594,28035,33202,46053,60653,35190,34531
79108,Stadtkreis,Freiburg im Breisgau,209628,98705,110924,181594,28035,33202,46053,60653,35190,34531
79108,Stadtkreis,Freiburg im Breisgau,209628,98705,110924,181594,28035,33202,46053,60653,35190,34531
79110,Stadtkreis,Freiburg im Breisgau,209628,98705,110924,181594,28035,33202,46053,60653,35190,34531
79110,Stadtkreis,Freiburg im Breisgau,209628,98705,110924,181594,28035,33202,46053,60653,35190,34531
79111,Stadtkreis,Freiburg im Breisgau,209628,98705,110924,181594,28035,33202,46053,60653,35190,34531
79112,Stadtkreis,Freiburg im Breisgau,209628,98705,110924,181594,28035,33202,46053,60653,35190,34531
79114,Stadtkreis,Freiburg im Breisgau,209628,98705,110924,181594,28035,33202,46053,60653,35190,34531
79115,Stadtkreis,Freiburg im Breisgau,209628,98705,110924,181594,28035,33202,46053,60653,35190,34531
79115,Stadtkreis,Freiburg im Breisgau,209628,98705,110924,181594,28035,33202,46053,60653,35190,34531
79117,Stadtkreis,Freiburg im Breisgau,209628,98705,110924,181594,28035,33202,46053,60653,35190,34531
79117,Stadtkreis,Freiburg im Breisgau,209628,98705,110924,181594,28035,33202,46053,60653,35190,34531
79312,Landkreis,Emmendingen,156453,76641,79812,146904,9549,28731,20837,44553,32357,29975
79362,Landkreis,Forchheim,112738,55589,57149,108294,4444,19984,15603,32471,24042,20638
79539,Landkreis,Lörrach,219002,106550,112453,195946,23057,39981,29829,62548,43966,42679
79540,Landkreis,Lörrach,219002,106550,112453,195946,23057,39981,29829,62548,43966,42679
79541,Landkreis,Lörrach,219002,106550,112453,195946,23057,39981,29829,62548,43966,42679
80331,Landkreis,München,317248,155130,162119,280888,36361,57747,39892,96530,58732,64348
80333,Landkreis,München,317248,155130,162119,280888,36361,57747,39892,96530,58732,64348
80335,Landkreis,München,317248,155130,162119,280888,36361,57747,39892,96530,58732,64348
80336,Landkreis,München,317248,155130,162119,280888,36361,57747,39892,96530,58732,64348
80337,Landkreis,München,317248,155130,162119,280888,36361,57747,39892,96530,58732,64348
80339,Landkreis,München,317248,155130,162119,280888,36361,57747,39892,96530,58732,64348
80469,Landkreis,München,317248,155130,162119,280888,36361,57747,39892,96530,58732,64348
80538,Landkreis,München,317248,155130,162119,280888,36361,57747,39892,96530,58732,64348
80539,Landkreis,München,317248,155130,162119,280888,36361,57747,39892,96530,58732,64348
80634,Landkreis,München,317248,155130,162119,280888,36361,57747,39892,96530,58732,64348
80636,Landkreis,München,317248,155130,162119,280888,36361,57747,39892,96530,58732,64348
80637,Landkreis,München,317248,155130,162119,280888,36361,57747,39892,96530,58732,64348
80638,Landkreis,München,317248,155130,162119,280888,36361,57747,39892,96530,58732,64348
80639,Landkreis,München,317248,155130,162119,280888,36361,57747,39892,96530,58732,64348
80686,Landkreis,München,317248,155130,162119,280888,36361,57747,39892,96530,58732,64348
80687,Landkreis,München,317248,155130,162119,280888,36361,57747,39892,96530,58732,64348
80689,Landkreis,München,317248,155130,162119,280888,36361,57747,39892,96530,58732,64348
80796,Landkreis,München,317248,155130,162119,280888,36361,57747,39892,96530,58732,64348
80797,Landkreis,München,317248,155130,162119,280888,36361,57747,39892,96530,58732,64348
80798,Landkreis,München,317248,155130,162119,280888,36361,57747,39892,96530,58732,64348
80799,Landkreis,München,317248,155130,162119,280888,36361,57747,39892,96530,58732,64348
80801,Landkreis,München,317248,155130,162119,280888,36361,57747,39892,96530,58732,64348
80802,Landkreis,München,317248,155130,162119,280888,36361,57747,39892,96530,58732,64348
80803,Landkreis,München,317248,155130,162119,280888,36361,57747,39892,96530,58732,64348
80804,Landkreis,München,317248,155130,162119,280888,36361,57747,39892,96530,58732,64348
80805,Landkreis,München,317248,155130,162119,280888,36361,57747,39892,96530,58732,64348
80807,Landkreis,München,317248,155130,162119,280888,36361,57747,39892,96530,58732,64348
80809,Landkreis,München,317248,155130,162119,280888,36361,57747,39892,96530,58732,64348
80933,Landkreis,München,317248,155130,162119,280888,36361,57747,39892,96530,58732,64348
80935,Landkreis,München,317248,155130,162119,280888,36361,57747,39892,96530,58732,64348
80937,Landkreis,München,317248,155130,162119,280888,36361,57747,39892,96530,58732,64348
80939,Landkreis,München,317248,155130,162119,280888,36361,57747,39892,96530,58732,64348
80992,Landkreis,München,317248,155130,162119,280888,36361,57747,39892,96530,58732,64348
80993,Landkreis,München,317248,155130,162119,280888,36361,57747,39892,96530,58732,64348
80995,Landkreis,München,317248,155130,162119,280888,36361,57747,39892,96530,58732,64348
80997,Landkreis,München,317248,155130,162119,280888,36361,57747,39892,96530,58732,64348
80999,Landkreis,München,317248,155130,162119,280888,36361,57747,39892,96530,58732,64348
81241,Landkreis,München,317248,155130,162119,280888,36361,57747,39892,96530,58732,64348
81243,Landkreis,München,317248,155130,162119,280888,36361,57747,39892,96530,58732,64348
81245,Landkreis,München,317248,155130,162119,280888,36361,57747,39892,96530,58732,64348
81247,Landkreis,München,317248,155130,162119,280888,36361,57747,39892,96530,58732,64348
81249,Landkreis,München,317248,155130,162119,280888,36361,57747,39892,96530,58732,64348
81369,Landkreis,München,317248,155130,162119,280888,36361,57747,39892,96530,58732,64348
81371,Landkreis,München,317248,155130,162119,280888,36361,57747,39892,96530,58732,64348
81373,Landkreis,München,317248,155130,162119,280888,36361,57747,39892,96530,58732,64348
81375,Landkreis,München,317248,155130,162119,280888,36361,57747,39892,96530,58732,64348
81377,Landkreis,München,317248,155130,162119,280888,36361,57747,39892,96530,58732,64348
81379,Landkreis,München,317248,155130,162119,280888,36361,57747,39892,96530,58732,64348
81475,Landkreis,München,317248,155130,162119,280888,36361,57747,39892,96530,58732,64348
81476,Landkreis,München,317248,155130,162119,280888,36361,57747,39892,96530,58732,64348
81477,Landkreis,München,317248,155130,162119,280888,36361,57747,39892,96530,58732,64348
81479,Landkreis,München,317248,155130,162119,280888,36361,57747,39892,96530,58732,64348
81539,Landkreis,München,317248,155130,162119,280888,36361,57747,39892,96530,58732,64348
81541,Landkreis,München,317248,155130,162119,280888,36361,57747,39892,96530,58732,64348
81543,Landkreis,München,317248,155130,162119,280888,36361,57747,39892,96530,58732,64348
81545,Landkreis,München,317248,155130,162119,280888,36361,57747,39892,96530,58732,64348
81545,Landkreis,München,317248,155130,162119,280888,36361,57747,39892,96530,58732,64348
81547,Landkreis,München,317248,155130,162119,280888,36361,57747,39892,96530,58732,64348
81549,Landkreis,München,317248,155130,162119,280888,36361,57747,39892,96530,58732,64348
81667,Landkreis,München,317248,155130,162119,280888,36361,57747,39892,96530,58732,64348
81669,Landkreis,München,317248,155130,162119,280888,36361,57747,39892,96530,58732,64348
81671,Landkreis,München,317248,155130,162119,280888,36361,57747,39892,96530,58732,64348
81673,Landkreis,München,317248,155130,162119,280888,36361,57747,39892,96530,58732,64348
81675,Landkreis,München,317248,155130,162119,280888,36361,57747,39892,96530,58732,64348
81677,Landkreis,München,317248,155130,162119,280888,36361,57747,39892,96530,58732,64348
81679,Landkreis,München,317248,155130,162119,280888,36361,57747,39892,96530,58732,64348
81735,Landkreis,München,317248,155130,162119,280888,36361,57747,39892,96530,58732,64348
81737,Landkreis,München,317248,155130,162119,280888,36361,57747,39892,96530,58732,64348
81739,Landkreis,München,317248,155130,162119,280888,36361,57747,39892,96530,58732,64348
81825,Landkreis,München,317248,155130,162119,280888,36361,57747,39892,96530,58732,64348
81827,Landkreis,München,317248,155130,162119,280888,36361,57747,39892,96530,58732,64348
81829,Landkreis,München,317248,155130,162119,280888,36361,57747,39892,96530,58732,64348
81925,Landkreis,München,317248,155130,162119,280888,36361,57747,39892,96530,58732,64348
81927,Landkreis,München,317248,155130,162119,280888,36361,57747,39892,96530,58732,64348
81927,Landkreis,München,317248,155130,162119,280888,36361,57747,39892,96530,58732,64348
81929,Landkreis,München,317248,155130,162119,280888,36361,57747,39892,96530,58732,64348
82256,Landkreis,Fürstenfeldbruck,201597,97479,104118,184239,17358,35620,25034,59639,39437,41867
82319,Landkreis,Starnberg,127133,60840,66292,115508,11624,23365,14003,36241,25243,28280
82467,Landkreis,Garmisch-Partenkirchen,84046,40322,43724,77749,6297,13579,10533,23041,16321,20572
83022,Landkreis,Rosenheim,244257,119733,124523,229530,14726,45332,32446,69945,49000,47533
83022,Kreisfreie Stadt,Rosenheim,59329,28811,30518,50262,9067,9737,9530,17396,10996,11670
83024,Landkreis,Rosenheim,244257,119733,124523,229530,14726,45332,32446,69945,49000,47533
83024,Kreisfreie Stadt,Rosenheim,59329,28811,30518,50262,9067,9737,9530,17396,10996,11670
83026,Landkreis,Rosenheim,244257,119733,124523,229530,14726,45332,32446,69945,49000,47533
83026,Kreisfreie Stadt,Rosenheim,59329,28811,30518,50262,9067,9737,9530,17396,10996,11670
83278,Landkreis,Traunstein,168509,81883,86627,159299,9211,29546,22102,46005,34333,36524
83714,Landkreis,Miesbach,93630,45030,48600,86616,7014,16166,11788,26719,18413,20544
84028,Kreisfreie Stadt,Landshut,63544,30164,33380,56717,6827,9658,9577,18452,12198,13659
84028,Landkreis,Landshut,147161,73459,73702,141064,6097,27945,19761,44274,29965,25216
84034,Kreisfreie Stadt,Landshut,63544,30164,33380,56717,6827,9658,9577,18452,12198,13659
84034,Landkreis,Landshut,147161,73459,73702,141064,6097,27945,19761,44274,29965,25216
84036,Kreisfreie Stadt,Landshut,63544,30164,33380,56717,6827,9658,9577,18452,12198,13659
84036,Landkreis,Landshut,147161,73459,73702,141064,6097,27945,19761,44274,29965,25216
84503,Landkreis,Altötting,106023,51669,54353,99776,6246,18594,14068,29375,21997,21988
85049,Kreisfreie Stadt,Ingolstadt,124927,61978,62949,109528,15399,21172,19970,36912,23288,23585
85051,Kreisfreie Stadt,Ingolstadt,124927,61978,62949,109528,15399,21172,19970,36912,23288,23585
85053,Kreisfreie Stadt,Ingolstadt,124927,61978,62949,109528,15399,21172,19970,36912,23288,23585
85055,Kreisfreie Stadt,Ingolstadt,124927,61978,62949,109528,15399,21172,19970,36912,23288,23585
85057,Kreisfreie Stadt,Ingolstadt,124927,61978,62949,109528,15399,21172,19970,36912,23288,23585
85072,Landkreis,Eichstätt,123421,61640,61780,117994,5426,24098,18614,36248,23700,20760
85221,Landkreis,Dachau,138697,68280,70417,124522,14175,25754,18846,43128,26839,24130
85276,Landkreis,Pfaffenhofen a.d.Ilm,116116,58104,58012,109522,6594,21541,16481,34912,23247,19935
85354,Landkreis,Freising,162818,81443,81375,146261,16557,30831,25769,52080,29507,24631
85356,Landkreis,Freising,162818,81443,81375,146261,16557,30831,25769,52080,29507,24631
85435,Landkreis,Erding,125706,62517,63189,117748,7958,24898,17309,39883,24062,19554
85560,Landkreis,Ebersberg,127568,62709,64858,117571,9996,24939,15893,39311,23790,23634
86150,Kreisfreie Stadt,Augsburg,267767,128788,138979,225297,42470,40615,46987,76516,48726,54923
86150,Landkreis,Augsburg,237095,116462,120633,224045,13050,43573,31286,68937,47855,45444
86152,Kreisfreie Stadt,Augsburg,267767,128788,138979,225297,42470,40615,46987,76516,48726,54923
86152,Landkreis,Augsburg,237095,116462,120633,224045,13050,43573,31286,68937,47855,45444
86153,Landkreis,Augsburg,237095,116462,120633,224045,13050,43573,31286,68937,47855,45444
86153,Kreisfreie Stadt,Augsburg,267767,128788,138979,225297,42470,40615,46987,76516,48726,54923
86154,Kreisfreie Stadt,Augsburg,267767,128788,138979,225297,42470,40615,46987,76516,48726,54923
86154,Landkreis,Augsburg,237095,116462,120633,224045,13050,43573,31286,68937,47855,45444
86156,Landkreis,Augsburg,237095,116462,120633,224045,13050,43573,31286,68937,47855,45444
86156,Kreisfreie Stadt,Augsburg,267767,128788,138979,225297,42470,40615,46987,76516,48726,54923
86157,Kreisfreie Stadt,Augsburg,267767,128788,138979,225297,42470,40615,46987,76516,48726,54923
86157,Landkreis,Augsburg,237095,116462,120633,224045,13050,43573,31286,68937,47855,45444
86159,Landkreis,Augsburg,237095,116462,120633,224045,13050,43573,31286,68937,47855,45444
86159,Kreisfreie Stadt,Augsburg,267767,128788,138979,225297,42470,40615,46987,76516,48726,54923
86161,Kreisfreie Stadt,Augsburg,267767,128788,138979,225297,42470,40615,46987,76516,48726,54923
86161,Landkreis,Augsburg,237095,116462,120633,224045,13050,43573,31286,68937,47855,45444
86163,Landkreis,Augsburg,237095,116462,120633,224045,13050,43573,31286,68937,47855,45444
86163,Kreisfreie Stadt,Augsburg,267767,128788,138979,225297,42470,40615,46987,76516,48726,54923
86165,Kreisfreie Stadt,Augsburg,267767,128788,138979,225297,42470,40615,46987,76516,48726,54923
86165,Landkreis,Augsburg,237095,116462,120633,224045,13050,43573,31286,68937,47855,45444
86167,Kreisfreie Stadt,Augsburg,267767,128788,138979,225297,42470,40615,46987,76516,48726,54923
86167,Landkreis,Augsburg,237095,116462,120633,224045,13050,43573,31286,68937,47855,45444
86169,Kreisfreie Stadt,Augsburg,267767,128788,138979,225297,42470,40615,46987,76516,48726,54923
86169,Landkreis,Augsburg,237095,116462,120633,224045,13050,43573,31286,68937,47855,45444
86179,Landkreis,Augsburg,237095,116462,120633,224045,13050,43573,31286,68937,47855,45444
86179,Kreisfreie Stadt,Augsburg,267767,128788,138979,225297,42470,40615,46987,76516,48726,54923
86199,Kreisfreie Stadt,Augsburg,267767,128788,138979,225297,42470,40615,46987,76516,48726,54923
86199,Landkreis,Augsburg,237095,116462,120633,224045,13050,43573,31286,68937,47855,45444
86655,Landkreis,Harburg,238443,115789,122653,228571,9871,43312,25605,70567,49249,49709
86854,Kreisfreie Stadt,Amberg,41911,20407,21505,39509,2403,6473,6286,11370,8612,9171
87435,Kreisfreie Stadt,Kempten (Allgäu),64078,31173,32905,56891,7187,9988,10188,17262,12436,14204
87437,Kreisfreie Stadt,Kempten (Allgäu),64078,31173,32905,56891,7187,9988,10188,17262,12436,14204
87439,Kreisfreie Stadt,Kempten (Allgäu),64078,31173,32905,56891,7187,9988,10188,17262,12436,14204
87600,Kreisfreie Stadt,Kaufbeuren,41550,20022,21528,37665,3885,6896,5756,11222,8307,9369
87700,Kreisfreie Stadt,Memmingen,41241,20010,21231,36225,5016,6986,5939,11374,8118,8824
88131,Landkreis,Lindau (Bodensee),78420,38301,40121,71366,7056,14172,9939,22047,15202,17062
88212,Landkreis,Ravensburg,269595,132303,137292,251106,18489,51617,39151,76488,52143,50196
88213,Landkreis,Ravensburg,269595,132303,137292,251106,18489,51617,39151,76488,52143,50196
88214,Landkreis,Ravensburg,269595,132303,137292,251106,18489,51617,39151,76488,52143,50196
89073,Stadtkreis,Ulm,116761,56948,59813,98835,17926,18973,21417,33783,20990,21598
89075,Stadtkreis,Ulm,116761,56948,59813,98835,17926,18973,21417,33783,20990,21598
89077,Stadtkreis,Ulm,116761,56948,59813,98835,17926,18973,21417,33783,20990,21598
89079,Stadtkreis,Ulm,116761,56948,59813,98835,17926,18973,21417,33783,20990,21598
89081,Stadtkreis,Ulm,116761,56948,59813,98835,17926,18973,21417,33783,20990,21598
89081,Stadtkreis,Ulm,116761,56948,59813,98835,17926,18973,21417,33783,20990,21598
89231,Landkreis,Neu-Ulm,163854,80323,83531,147971,15883,29416,23708,46793,32597,31340
89233,Landkreis,Neu-Ulm,163854,80323,83531,147971,15883,29416,23708,46793,32597,31340
89312,Landkreis,Günzburg,120182,59661,60522,110315,9868,22478,17236,34640,24013,21816
90402,Kreisfreie Stadt,Nürnberg,486314,233141,253173,406720,79594,72677,77820,143267,91948,100602
90403,Kreisfreie Stadt,Nürnberg,486314,233141,253173,406720,79594,72677,77820,143267,91948,100602
90408,Kreisfreie Stadt,Nürnberg,486314,233141,253173,406720,79594,72677,77820,143267,91948,100602
90409,Kreisfreie Stadt,Nürnberg,486314,233141,253173,406720,79594,72677,77820,143267,91948,100602
90411,Kreisfreie Stadt,Nürnberg,486314,233141,253173,406720,79594,72677,77820,143267,91948,100602
90411,Kreisfreie Stadt,Nürnberg,486314,233141,253173,406720,79594,72677,77820,143267,91948,100602
90419,Kreisfreie Stadt,Nürnberg,486314,233141,253173,406720,79594,72677,77820,143267,91948,100602
90425,Kreisfreie Stadt,Nürnberg,486314,233141,253173,406720,79594,72677,77820,143267,91948,100602
90427,Kreisfreie Stadt,Nürnberg,486314,233141,253173,406720,79594,72677,77820,143267,91948,100602
90429,Kreisfreie Stadt,Nürnberg,486314,233141,253173,406720,79594,72677,77820,143267,91948,100602
90431,Kreisfreie Stadt,Nürnberg,486314,233141,253173,406720,79594,72677,77820,143267,91948,100602
90439,Kreisfreie Stadt,Nürnberg,486314,233141,253173,406720,79594,72677,77820,143267,91948,100602
90441,Kreisfreie Stadt,Nürnberg,486314,233141,253173,406720,79594,72677,77820,143267,91948,100602
90443,Kreisfreie Stadt,Nürnberg,486314,233141,253173,406720,79594,72677,77820,143267,91948,100602
90449,Kreisfreie Stadt,Nürnberg,486314,233141,253173,406720,79594,72677,77820,143267,91948,100602
90451,Kreisfreie Stadt,Nürnberg,486314,233141,253173,406720,79594,72677,77820,143267,91948,100602
90453,Kreisfreie Stadt,Nürnberg,486314,233141,253173,406720,79594,72677,77820,143267,91948,100602
90455,Kreisfreie Stadt,Nürnberg,486314,233141,253173,406720,79594,72677,77820,143267,91948,100602
90455,Kreisfreie Stadt,Nürnberg,486314,233141,253173,406720,79594,72677,77820,143267,91948,100602
90459,Kreisfreie Stadt,Nürnberg,486314,233141,253173,406720,79594,72677,77820,143267,91948,100602
90461,Kreisfreie Stadt,Nürnberg,486314,233141,253173,406720,79594,72677,77820,143267,91948,100602
90469,Kreisfreie Stadt,Nürnberg,486314,233141,253173,406720,79594,72677,77820,143267,91948,100602
90471,Kreisfreie Stadt,Nürnberg,486314,233141,253173,406720,79594,72677,77820,143267,91948,100602
90471,Kreisfreie Stadt,Nürnberg,486314,233141,253173,406720,79594,72677,77820,143267,91948,100602
90473,Kreisfreie Stadt,Nürnberg,486314,233141,253173,406720,79594,72677,77820,143267,91948,100602
90475,Kreisfreie Stadt,Nürnberg,486314,233141,253173,406720,79594,72677,77820,143267,91948,100602
90478,Kreisfreie Stadt,Nürnberg,486314,233141,253173,406720,79594,72677,77820,143267,91948,100602
90480,Kreisfreie Stadt,Nürnberg,486314,233141,253173,406720,79594,72677,77820,143267,91948,100602
90482,Kreisfreie Stadt,Nürnberg,486314,233141,253173,406720,79594,72677,77820,143267,91948,100602
90489,Kreisfreie Stadt,Nürnberg,486314,233141,253173,406720,79594,72677,77820,143267,91948,100602
90491,Kreisfreie Stadt,Nürnberg,486314,233141,253173,406720,79594,72677,77820,143267,91948,100602
90762,Landkreis,Fürth,112786,54689,58097,107690,5096,18691,14090,32547,24158,23300
90762,Kreisfreie Stadt,Fürth,115613,55680,59933,100283,15330,18578,16952,35974,22654,21455
90763,Landkreis,Fürth,112786,54689,58097,107690,5096,18691,14090,32547,24158,23300
90763,Kreisfreie Stadt,Fürth,115613,55680,59933,100283,15330,18578,16952,35974,22654,21455
90765,Kreisfreie Stadt,Fürth,115613,55680,59933,100283,15330,18578,16952,35974,22654,21455
90765,Landkreis,Fürth,112786,54689,58097,107690,5096,18691,14090,32547,24158,23300
90766,Kreisfreie Stadt,Fürth,115613,55680,59933,100283,15330,18578,16952,35974,22654,21455
90766,Landkreis,Fürth,112786,54689,58097,107690,5096,18691,14090,32547,24158,23300
90768,Landkreis,Fürth,112786,54689,58097,107690,5096,18691,14090,32547,24158,23300
90768,Kreisfreie Stadt,Fürth,115613,55680,59933,100283,15330,18578,16952,35974,22654,21455
91052,Kreisfreie Stadt,Erlangen,103719,50713,53007,91343,12377,16106,20366,30382,17895,18971
91054,Kreisfreie Stadt,Erlangen,103719,50713,53007,91343,12377,16106,20366,30382,17895,18971
91056,Kreisfreie Stadt,Erlangen,103719,50713,53007,91343,12377,16106,20366,30382,17895,18971
91058,Kreisfreie Stadt,Erlangen,103719,50713,53007,91343,12377,16106,20366,30382,17895,18971
91126,Kreisfreie Stadt,Schwabach,38469,18451,20018,35459,3010,6629,4980,11110,7681,8069
91154,Landkreis,Roth,123344,60756,62588,119046,4298,22155,16473,35677,25512,23527
91301,Landkreis,Forchheim,112738,55589,57149,108294,4444,19984,15603,32471,24042,20638
91522,Kreisfreie Stadt,Ansbach,39491,18560,20931,37091,2400,6287,5879,10868,7911,8546
91522,Landkreis,Ansbach,178353,88473,89881,171436,6918,33067,25247,50075,36558,33407
91719,Landkreis,Heidenheim,127816,62759,65058,116734,11083,22823,17389,34350,25694,27561
92224,Kreisfreie Stadt,Amberg,41911,20407,21505,39509,2403,6473,6286,11370,8612,9171
92421,Landkreis,Schwandorf,142407,70716,71690,138149,4257,24392,19822,41181,29527,27484
93047,Kreisfreie Stadt,Regensburg,135403,64341,71062,121872,13531,19391,27927,40342,23033,24710
93047,Landkreis,Regensburg,182289,90179,92110,175955,6334,33118,24475,54612,38842,31242
93049,Kreisfreie Stadt,Regensburg,135403,64341,71062,121872,13531,19391,27927,40342,23033,24710
93049,Landkreis,Regensburg,182289,90179,92110,175955,6334,33118,24475,54612,38842,31242
93051,Landkreis,Regensburg,182289,90179,92110,175955,6334,33118,24475,54612,38842,31242
93051,Kreisfreie Stadt,Regensburg,135403,64341,71062,121872,13531,19391,27927,40342,23033,24710
93053,Kreisfreie Stadt,Regensburg,135403,64341,71062,121872,13531,19391,27927,40342,23033,24710
93053,Landkreis,Regensburg,182289,90179,92110,175955,6334,33118,24475,54612,38842,31242
93055,Landkreis,Regensburg,182289,90179,92110,175955,6334,33118,24475,54612,38842,31242
93055,Kreisfreie Stadt,Regensburg,135403,64341,71062,121872,13531,19391,27927,40342,23033,24710
93057,Landkreis,Regensburg,182289,90179,92110,175955,6334,33118,24475,54612,38842,31242
93057,Kreisfreie Stadt,Regensburg,135403,64341,71062,121872,13531,19391,27927,40342,23033,24710
93059,Landkreis,Regensburg,182289,90179,92110,175955,6334,33118,24475,54612,38842,31242
93059,Kreisfreie Stadt,Regensburg,135403,64341,71062,121872,13531,19391,27927,40342,23033,24710
93309,Landkreis,Kelheim,112752,56076,56677,106377,6376,21164,16006,33262,22560,19761
93413,Landkreis,Cham,125689,62421,63268,123061,2628,21590,17687,35540,26747,24125
94032,Kreisfreie Stadt,Passau,48649,22828,25821,45043,3606,6601,9743,12169,9512,10624
94032,Landkreis,Passau,184190,90305,93885,178211,5979,31808,24726,52011,39174,36471
94034,Landkreis,Passau,184190,90305,93885,178211,5979,31808,24726,52011,39174,36471
94034,Kreisfreie Stadt,Passau,48649,22828,25821,45043,3606,6601,9743,12169,9512,10624
94036,Kreisfreie Stadt,Passau,48649,22828,25821,45043,3606,6601,9743,12169,9512,10624
94036,Landkreis,Passau,184190,90305,93885,178211,5979,31808,24726,52011,39174,36471
94209,Landkreis,Regen,76782,37970,38812,75131,1651,12674,10461,21102,17209,15336
94315,Kreisfreie Stadt,Straubing,44488,21881,22607,40946,3542,6311,6796,12441,9470,9470
94469,Landkreis,Deggendorf,114454,56205,58249,109676,4778,19832,16185,32923,24159,21355
95028,Kreisfreie Stadt,Hof,44759,21006,23753,40525,4234,6625,6206,11797,9381,10750
95028,Landkreis,Hof,99371,47988,51383,96242,3129,15580,11673,26527,21536,24055
95030,Landkreis,Hof,99371,47988,51383,96242,3129,15580,11673,26527,21536,24055
95030,Kreisfreie Stadt,Hof,44759,21006,23753,40525,4234,6625,6206,11797,9381,10750
95032,Kreisfreie Stadt,Hof,44759,21006,23753,40525,4234,6625,6206,11797,9381,10750
95032,Landkreis,Hof,99371,47988,51383,96242,3129,15580,11673,26527,21536,24055
95326,Landkreis,Kulmbach,74071,36094,37976,72344,1726,11879,8960,20785,16352,16094
95444,Kreisfreie Stadt,Bayreuth,70808,33703,37105,65573,5235,9738,14606,18006,13660,14798
95444,Landkreis,Bayreuth,105395,51818,53578,103223,2173,18139,13525,30101,22462,21169
95445,Landkreis,Bayreuth,105395,51818,53578,103223,2173,18139,13525,30101,22462,21169
95445,Kreisfreie Stadt,Bayreuth,70808,33703,37105,65573,5235,9738,14606,18006,13660,14798
95447,Landkreis,Bayreuth,105395,51818,53578,103223,2173,18139,13525,30101,22462,21169
95447,Kreisfreie Stadt,Bayreuth,70808,33703,37105,65573,5235,9738,14606,18006,13660,14798
95448,Landkreis,Bayreuth,105395,51818,53578,103223,2173,18139,13525,30101,22462,21169
95448,Kreisfreie Stadt,Bayreuth,70808,33703,37105,65573,5235,9738,14606,18006,13660,14798
95643,Landkreis,Tirschenreuth,74867,36927,37939,73262,1604,12634,9988,20635,15845,15764
96047,Kreisfreie Stadt,Bamberg,70635,33080,37555,65197,5438,10260,13449,19483,12868,14575
96047,Landkreis,Bamberg,143610,71281,72329,140500,3110,26341,20396,42785,29602,24486
96049,Kreisfreie Stadt,Bamberg,70635,33080,37555,65197,5438,10260,13449,19483,12868,14575
96049,Landkreis,Bamberg,143610,71281,72329,140500,3110,26341,20396,42785,29602,24486
96050,Kreisfreie Stadt,Bamberg,70635,33080,37555,65197,5438,10260,13449,19483,12868,14575
96050,Landkreis,Bamberg,143610,71281,72329,140500,3110,26341,20396,42785,29602,24486
96052,Kreisfreie Stadt,Bamberg,70635,33080,37555,65197,5438,10260,13449,19483,12868,14575
96052,Landkreis,Bamberg,143610,71281,72329,140500,3110,26341,20396,42785,29602,24486
96215,Landkreis,Lichtenfels,67297,32917,34380,65508,1789,10979,8870,18979,14387,14082
96317,Landkreis,Kronach,69928,34163,35764,68262,1665,10648,8752,19728,15433,15366
96450,Landkreis,Coburg,87775,43107,44668,85287,2488,14409,11438,24357,19070,18501
96450,Kreisfreie Stadt,Coburg,41023,19519,21504,38456,2567,6039,6315,10915,8376,9378
97070,Landkreis,Würzburg,158095,78157,79938,153003,5092,27653,21777,44863,34528,29274
97070,Kreisfreie Stadt,Würzburg,124297,58135,66162,114603,9694,15010,31128,32061,21249,24849
97072,Kreisfreie Stadt,Würzburg,124297,58135,66162,114603,9694,15010,31128,32061,21249,24849
97072,Landkreis,Würzburg,158095,78157,79938,153003,5092,27653,21777,44863,34528,29274
97074,Landkreis,Würzburg,158095,78157,79938,153003,5092,27653,21777,44863,34528,29274
97074,Kreisfreie Stadt,Würzburg,124297,58135,66162,114603,9694,15010,31128,32061,21249,24849
97076,Kreisfreie Stadt,Würzburg,124297,58135,66162,114603,9694,15010,31128,32061,21249,24849
97076,Landkreis,Würzburg,158095,78157,79938,153003,5092,27653,21777,44863,34528,29274
97078,Landkreis,Würzburg,158095,78157,79938,153003,5092,27653,21777,44863,34528,29274
97078,Kreisfreie Stadt,Würzburg,124297,58135,66162,114603,9694,15010,31128,32061,21249,24849
97080,Landkreis,Würzburg,158095,78157,79938,153003,5092,27653,21777,44863,34528,29274
97080,Kreisfreie Stadt,Würzburg,124297,58135,66162,114603,9694,15010,31128,32061,21249,24849
97082,Landkreis,Würzburg,158095,78157,79938,153003,5092,27653,21777,44863,34528,29274
97082,Kreisfreie Stadt,Würzburg,124297,58135,66162,114603,9694,15010,31128,32061,21249,24849
97084,Kreisfreie Stadt,Würzburg,124297,58135,66162,114603,9694,15010,31128,32061,21249,24849
97084,Landkreis,Würzburg,158095,78157,79938,153003,5092,27653,21777,44863,34528,29274
97318,Landkreis,Kitzingen,87719,43384,44335,84109,3610,15434,12293,24981,18389,16622
97421,Kreisfreie Stadt,Schweinfurt,52143,24921,27222,46384,5759,8144,7973,13058,10472,12496
97421,Landkreis,Schweinfurt,113084,56222,56862,110068,3016,19632,15479,31251,24299,22423
97422,Kreisfreie Stadt,Schweinfurt,52143,24921,27222,46384,5759,8144,7973,13058,10472,12496
97422,Landkreis,Schweinfurt,113084,56222,56862,110068,3016,19632,15479,31251,24299,22423
97424,Landkreis,Schweinfurt,113084,56222,56862,110068,3016,19632,15479,31251,24299,22423
97424,Kreisfreie Stadt,Schweinfurt,52143,24921,27222,46384,5759,8144,7973,13058,10472,12496
97688,Landkreis,Bad Kissingen,104020,50668,53352,101513,2507,17134,13445,27699,22601,23141
97834,Landkreis,Birkenfeld,82778,40614,42164,79738,3040,13121,10971,21364,18690,18632
98646,Landkreis,Hildburghausen,66369,33092,33277,65826,543,8591,9037,18338,15860,14543
99610,Landkreis,Sömmerda,71865,35789,36076,71396,469,9796,8948,20235,17791,15095
99734,Landkreis,Nordhausen,87210,43012,44198,86049,1161,11423,12011,23065,19605,21106
99867,Landkreis,Gotha,136330,67247,69083,134494,1836,18787,17104,37385,31660,31394
